1j20qq1JyX4,0904,0.015,0.052,1.000,0.979,12,1.0000
1j20qq1JyX4,0904,0.015,0.052,1.000,0.979,17,1.0000
1j20qq1JyX4,0904,0.015,0.052,1.000,0.979,79,1.0000
1j20qq1JyX4,0908,0.022,0.000,0.900,0.982,12,1.0000
1j20qq1JyX4,0908,0.022,0.000,0.900,0.982,17,1.0000
1j20qq1JyX4,0912,0.223,0.030,1.000,0.974,11,1.0000
1j20qq1JyX4,0916,0.030,0.082,0.662,0.982,12,1.0000
1j20qq1JyX4,0916,0.030,0.082,0.662,0.982,17,1.0000
1j20qq1JyX4,0916,0.030,0.082,0.662,0.982,79,1.0000
1j20qq1JyX4,0920,0.017,0.094,0.823,0.985,12,1.0000
1j20qq1JyX4,0920,0.017,0.094,0.823,0.985,17,1.0000
1j20qq1JyX4,0920,0.017,0.094,0.823,0.985,79,1.0000
1j20qq1JyX4,0924,0.037,0.129,0.737,0.978,12,1.0000
1j20qq1JyX4,0924,0.037,0.129,0.737,0.978,17,1.0000
1j20qq1JyX4,0924,0.037,0.129,0.737,0.978,79,1.0000
1j20qq1JyX4,0928,0.016,0.113,0.803,0.974,12,1.0000
1j20qq1JyX4,0928,0.016,0.113,0.803,0.974,17,1.0000
1j20qq1JyX4,0928,0.016,0.113,0.803,0.974,79,1.0000
1j20qq1JyX4,0928,0.788,0.713,0.975,0.992,12,1.0000
1j20qq1JyX4,0932,0.001,0.129,0.937,0.984,12,1.0000
1j20qq1JyX4,0932,0.001,0.129,0.937,0.984,17,1.0000
1j20qq1JyX4,0932,0.001,0.129,0.937,0.984,79,1.0000
1j20qq1JyX4,0932,0.797,0.675,0.979,0.986,12,1.0000
1j20qq1JyX4,0936,0.039,0.105,0.831,0.969,12,1.0000
1j20qq1JyX4,0936,0.039,0.105,0.831,0.969,79,1.0000
1j20qq1JyX4,0940,0.028,0.098,0.730,0.974,12,1.0000
1j20qq1JyX4,0940,0.028,0.098,0.730,0.974,17,1.0000
1j20qq1JyX4,0940,0.028,0.098,0.730,0.974,79,1.0000
1j20qq1JyX4,0940,0.028,0.098,0.730,0.974,80,1.0000
1j20qq1JyX4,0944,0.163,0.145,0.932,0.975,14,1.0000
1j20qq1JyX4,0944,0.163,0.145,0.932,0.975,79,1.0000
1j20qq1JyX4,0944,0.163,0.145,0.932,0.975,80,1.0000
1j20qq1JyX4,0944,0.849,0.538,0.996,0.973,12,1.0000
1j20qq1JyX4,0944,0.849,0.538,0.996,0.973,74,1.0000
1j20qq1JyX4,0948,0.248,0.078,0.995,0.995,12,1.0000
1j20qq1JyX4,0948,0.248,0.078,0.995,0.995,79,1.0000
1j20qq1JyX4,0952,0.331,0.034,0.953,0.991,12,1.0000
1j20qq1JyX4,0952,0.331,0.034,0.953,0.991,79,1.0000
1j20qq1JyX4,0952,0.331,0.034,0.953,0.991,80,1.0000
1j20qq1JyX4,0956,0.170,0.034,0.991,0.980,12,1.0000
1j20qq1JyX4,0956,0.170,0.034,0.991,0.980,79,1.0000
1j20qq1JyX4,0960,0.229,0.082,1.000,0.958,12,1.0000
1j20qq1JyX4,0960,0.229,0.082,1.000,0.958,79,1.0000
1j20qq1JyX4,0964,0.012,0.076,0.926,0.982,12,1.0000
1j20qq1JyX4,0964,0.012,0.076,0.926,0.982,17,1.0000
1j20qq1JyX4,0968,0.025,0.040,0.901,0.991,12,1.0000
1j20qq1JyX4,0968,0.025,0.040,0.901,0.991,79,1.0000
1j20qq1JyX4,0968,0.773,0.593,0.889,0.779,12,1.0000
1j20qq1JyX4,0968,0.773,0.593,0.889,0.779,74,1.0000
1j20qq1JyX4,0968,0.773,0.593,0.889,0.779,80,1.0000
1j20qq1JyX4,0972,0.535,0.003,0.992,0.983,14,1.0000
1j20qq1JyX4,0976,0.000,0.036,0.987,0.971,12,1.0000
1j20qq1JyX4,0976,0.000,0.036,0.987,0.971,79,1.0000
1j20qq1JyX4,0980,0.002,0.041,1.000,0.980,12,1.0000
1j20qq1JyX4,0980,0.002,0.041,1.000,0.980,79,1.0000
1j20qq1JyX4,0984,0.000,0.035,0.937,0.992,12,1.0000
1j20qq1JyX4,0984,0.000,0.035,0.937,0.992,79,1.0000
1j20qq1JyX4,0988,0.022,0.021,0.938,0.984,12,1.0000
1j20qq1JyX4,0988,0.022,0.021,0.938,0.984,79,1.0000
1j20qq1JyX4,0992,0.060,0.033,0.979,0.991,12,1.0000
1j20qq1JyX4,0992,0.060,0.033,0.979,0.991,79,1.0000
1j20qq1JyX4,0996,0.028,0.049,0.975,0.956,12,1.0000
1j20qq1JyX4,0996,0.028,0.049,0.975,0.956,79,1.0000
1j20qq1JyX4,1000,0.119,0.097,0.997,0.968,12,1.0000
1j20qq1JyX4,1000,0.119,0.097,0.997,0.968,79,1.0000
1j20qq1JyX4,1004,0.388,0.140,0.750,0.856,14,1.0000
1j20qq1JyX4,1008,0.182,0.133,0.956,0.964,14,1.0000
1j20qq1JyX4,1012,0.000,0.023,0.970,0.992,12,1.0000
1j20qq1JyX4,1012,0.000,0.023,0.970,0.992,79,1.0000
1j20qq1JyX4,1016,0.000,0.043,1.000,0.963,12,1.0000
1j20qq1JyX4,1016,0.000,0.043,1.000,0.963,79,1.0000
1j20qq1JyX4,1016,0.000,0.043,1.000,0.963,80,1.0000
1j20qq1JyX4,1020,0.000,0.028,0.972,0.972,12,1.0000
1j20qq1JyX4,1020,0.000,0.028,0.972,0.972,79,1.0000
1j20qq1JyX4,1024,0.017,0.075,0.969,0.997,12,1.0000
1j20qq1JyX4,1024,0.017,0.075,0.969,0.997,74,1.0000
1j20qq1JyX4,1028,0.012,0.077,0.953,0.974,12,1.0000
1j20qq1JyX4,1028,0.012,0.077,0.953,0.974,79,1.0000
1j20qq1JyX4,1032,0.017,0.092,1.000,0.985,12,1.0000
1j20qq1JyX4,1032,0.017,0.092,1.000,0.985,17,1.0000
1j20qq1JyX4,1032,0.017,0.092,1.000,0.985,74,1.0000
1j20qq1JyX4,1036,0.001,0.077,0.826,0.977,12,1.0000
1j20qq1JyX4,1040,0.060,0.053,0.902,0.932,12,1.0000
1j20qq1JyX4,1044,0.246,0.028,0.951,1.000,12,1.0000
1j20qq1JyX4,1044,0.246,0.028,0.951,1.000,79,1.0000
1j20qq1JyX4,1048,0.038,0.033,0.939,0.968,12,1.0000
1j20qq1JyX4,1048,0.038,0.033,0.939,0.968,79,1.0000
1j20qq1JyX4,1052,0.038,0.053,0.877,0.961,12,1.0000
1j20qq1JyX4,1052,0.038,0.053,0.877,0.961,74,1.0000
1j20qq1JyX4,1052,0.038,0.053,0.877,0.961,79,1.0000
1j20qq1JyX4,1056,0.149,0.072,1.000,0.981,12,1.0000
1j20qq1JyX4,1056,0.149,0.072,1.000,0.981,74,1.0000
1j20qq1JyX4,1060,0.009,0.065,0.862,0.971,12,1.0000
1j20qq1JyX4,1060,0.009,0.065,0.862,0.971,74,1.0000
1j20qq1JyX4,1060,0.009,0.065,0.862,0.971,79,1.0000
1j20qq1JyX4,1064,0.006,0.060,1.000,0.979,12,1.0000
1j20qq1JyX4,1064,0.006,0.060,1.000,0.979,79,1.0000
1j20qq1JyX4,1064,0.006,0.060,1.000,0.979,80,1.0000
1j20qq1JyX4,1068,0.105,0.043,0.964,0.968,12,1.0000
1j20qq1JyX4,1068,0.105,0.043,0.964,0.968,79,1.0000
1j20qq1JyX4,1072,0.243,0.307,0.325,0.708,12,1.0000
1j20qq1JyX4,1072,0.243,0.307,0.325,0.708,74,1.0000
1j20qq1JyX4,1072,0.243,0.307,0.325,0.708,80,1.0000
1j20qq1JyX4,1072,0.332,0.289,0.455,0.658,12,1.0000
1j20qq1JyX4,1072,0.332,0.289,0.455,0.658,17,1.0000
1j20qq1JyX4,1072,0.510,0.334,0.586,0.665,12,1.0000
1j20qq1JyX4,1072,0.510,0.334,0.586,0.665,74,1.0000
1j20qq1JyX4,1076,0.244,0.304,0.324,0.707,12,1.0000
1j20qq1JyX4,1076,0.244,0.304,0.324,0.707,74,1.0000
1j20qq1JyX4,1076,0.244,0.304,0.324,0.707,80,1.0000
1j20qq1JyX4,1076,0.328,0.294,0.447,0.662,12,1.0000
1j20qq1JyX4,1076,0.328,0.294,0.447,0.662,17,1.0000
1j20qq1JyX4,1076,0.328,0.294,0.447,0.662,79,1.0000
1j20qq1JyX4,1076,0.328,0.294,0.447,0.662,80,1.0000
1j20qq1JyX4,1076,0.514,0.340,0.583,0.679,12,1.0000
1j20qq1JyX4,1076,0.514,0.340,0.583,0.679,74,1.0000
1j20qq1JyX4,1076,0.514,0.340,0.583,0.679,80,1.0000
1j20qq1JyX4,1080,0.255,0.180,0.476,0.888,14,1.0000
1j20qq1JyX4,1080,0.255,0.180,0.476,0.888,17,1.0000
1j20qq1JyX4,1080,0.449,0.387,0.528,0.761,12,1.0000
1j20qq1JyX4,1080,0.449,0.387,0.528,0.761,79,1.0000
1j20qq1JyX4,1080,0.449,0.387,0.528,0.761,80,1.0000
1j20qq1JyX4,1084,0.033,0.111,0.671,0.975,14,1.0000
1j20qq1JyX4,1088,0.397,0.210,0.556,0.733,14,1.0000
1j20qq1JyX4,1088,0.397,0.210,0.556,0.733,17,1.0000
1j20qq1JyX4,1096,0.342,0.145,0.576,0.847,14,1.0000
1j20qq1JyX4,1096,0.342,0.145,0.576,0.847,17,1.0000
1j20qq1JyX4,1100,0.425,0.310,0.553,0.868,14,1.0000
1j20qq1JyX4,1100,0.425,0.310,0.553,0.868,17,1.0000
1j20qq1JyX4,1100,0.571,0.316,0.694,0.860,14,1.0000
1j20qq1JyX4,1104,0.336,0.183,0.542,0.974,14,1.0000
1j20qq1JyX4,1104,0.336,0.183,0.542,0.974,17,1.0000
1j20qq1JyX4,1104,0.550,0.198,0.706,0.952,14,1.0000
1j20qq1JyX4,1104,0.550,0.198,0.706,0.952,17,1.0000
1j20qq1JyX4,1108,0.155,0.155,0.522,0.982,14,1.0000
1j20qq1JyX4,1108,0.155,0.155,0.522,0.982,17,1.0000
1j20qq1JyX4,1108,0.609,0.150,0.966,0.988,14,1.0000
1j20qq1JyX4,1108,0.609,0.150,0.966,0.988,80,1.0000
1j20qq1JyX4,1112,0.020,0.093,0.372,0.992,12,1.0000
1j20qq1JyX4,1112,0.020,0.093,0.372,0.992,17,1.0000
1j20qq1JyX4,1120,0.065,0.246,0.351,0.980,12,1.0000
1j20qq1JyX4,1120,0.065,0.246,0.351,0.980,17,1.0000
1j20qq1JyX4,1120,0.733,0.219,0.988,0.975,12,1.0000
1j20qq1JyX4,1120,0.733,0.219,0.988,0.975,17,1.0000
1j20qq1JyX4,1120,0.733,0.219,0.988,0.975,80,1.0000
1j20qq1JyX4,1124,0.113,0.244,0.413,0.980,12,1.0000
1j20qq1JyX4,1124,0.113,0.244,0.413,0.980,17,1.0000
1j20qq1JyX4,1124,0.715,0.240,0.978,0.981,12,1.0000
1j20qq1JyX4,1124,0.715,0.240,0.978,0.981,17,1.0000
1j20qq1JyX4,1124,0.715,0.240,0.978,0.981,80,1.0000
1j20qq1JyX4,1128,0.553,0.328,0.664,0.665,14,1.0000
1j20qq1JyX4,1128,0.553,0.328,0.664,0.665,17,1.0000
1j20qq1JyX4,1132,0.086,0.155,0.395,0.982,14,1.0000
1j20qq1JyX4,1132,0.086,0.155,0.395,0.982,17,1.0000
1j20qq1JyX4,1132,0.561,0.152,0.856,0.976,14,1.0000
1j20qq1JyX4,1132,0.561,0.152,0.856,0.976,80,1.0000
1j20qq1JyX4,1136,0.092,0.089,0.445,0.973,14,1.0000
1j20qq1JyX4,1136,0.092,0.089,0.445,0.973,17,1.0000
1j20qq1JyX4,1136,0.600,0.110,0.927,0.978,14,1.0000
1j20qq1JyX4,1140,0.318,0.265,0.406,0.530,14,1.0000
1j20qq1JyX4,1140,0.318,0.265,0.406,0.530,17,1.0000
1j20qq1JyX4,1140,0.542,0.245,0.687,0.719,14,1.0000
1j20qq1JyX4,1140,0.542,0.245,0.687,0.719,17,1.0000
1j20qq1JyX4,1144,0.129,0.345,0.375,0.992,14,1.0000
1j20qq1JyX4,1144,0.129,0.345,0.375,0.992,17,1.0000
1j20qq1JyX4,1144,0.129,0.345,0.375,0.992,79,1.0000
1j20qq1JyX4,1144,0.129,0.345,0.375,0.992,80,1.0000
1j20qq1JyX4,1144,0.503,0.298,0.741,0.976,14,1.0000
1j20qq1JyX4,1144,0.503,0.298,0.741,0.976,80,1.0000
1j20qq1JyX4,1148,0.026,0.000,0.799,0.990,12,1.0000
1j20qq1JyX4,1152,0.135,0.303,0.451,0.984,14,1.0000
1j20qq1JyX4,1152,0.135,0.303,0.451,0.984,17,1.0000
1j20qq1JyX4,1152,0.507,0.206,0.772,0.976,14,1.0000
1j20qq1JyX4,1152,0.507,0.206,0.772,0.976,74,1.0000
1j20qq1JyX4,1156,0.027,0.140,0.909,0.972,12,1.0000
1j20qq1JyX4,1156,0.027,0.140,0.909,0.972,17,1.0000
1j20qq1JyX4,1160,0.101,0.272,0.440,0.987,14,1.0000
1j20qq1JyX4,1160,0.101,0.272,0.440,0.987,17,1.0000
1j20qq1JyX4,1160,0.503,0.222,0.899,0.984,14,1.0000
1j20qq1JyX4,1160,0.503,0.222,0.899,0.984,17,1.0000
1j20qq1JyX4,1164,0.031,0.094,0.991,0.980,12,1.0000
1j20qq1JyX4,1164,0.031,0.094,0.991,0.980,17,1.0000
1j20qq1JyX4,1164,0.031,0.094,0.991,0.980,74,1.0000
1j20qq1JyX4,1168,0.054,0.140,0.467,1.000,12,1.0000
1j20qq1JyX4,1168,0.054,0.140,0.467,1.000,17,1.0000
1j20qq1JyX4,1168,0.054,0.140,0.467,1.000,74,1.0000
1j20qq1JyX4,1168,0.605,0.229,0.954,0.983,12,1.0000
1j20qq1JyX4,1168,0.605,0.229,0.954,0.983,74,1.0000
1j20qq1JyX4,1172,0.090,0.210,0.824,0.913,10,1.0000
1j20qq1JyX4,1176,0.596,0.241,0.806,0.927,10,1.0000
1j20qq1JyX4,1180,0.126,0.106,0.463,0.991,12,1.0000
1j20qq1JyX4,1180,0.126,0.106,0.463,0.991,79,1.0000
1j20qq1JyX4,1184,0.151,0.294,0.471,0.935,12,1.0000
1j20qq1JyX4,1184,0.151,0.294,0.471,0.935,79,1.0000
1j20qq1JyX4,1192,0.038,0.038,0.951,1.000,12,1.0000
1j20qq1JyX4,1192,0.038,0.038,0.951,1.000,74,1.0000
1j20qq1JyX4,1200,0.113,0.125,0.825,1.000,12,1.0000
1j20qq1JyX4,1200,0.113,0.125,0.825,1.000,79,1.0000
1j20qq1JyX4,1204,0.000,0.018,1.000,0.995,12,1.0000
1j20qq1JyX4,1204,0.000,0.018,1.000,0.995,17,1.0000
1j20qq1JyX4,1204,0.000,0.018,1.000,0.995,74,1.0000
1j20qq1JyX4,1208,0.036,0.092,0.989,0.938,14,1.0000
1j20qq1JyX4,1208,0.036,0.092,0.989,0.938,17,1.0000
1j20qq1JyX4,1208,0.036,0.092,0.989,0.938,79,1.0000
1j20qq1JyX4,1212,0.166,0.121,1.000,0.958,12,1.0000
1j20qq1JyX4,1212,0.166,0.121,1.000,0.958,79,1.0000
1j20qq1JyX4,1216,0.301,0.075,1.000,0.977,12,1.0000
1j20qq1JyX4,1216,0.301,0.075,1.000,0.977,79,1.0000
1j20qq1JyX4,1220,0.264,0.110,1.000,0.991,12,1.0000
1j20qq1JyX4,1220,0.264,0.110,1.000,0.991,79,1.0000
1j20qq1JyX4,1224,0.025,0.090,0.992,0.991,12,1.0000
1j20qq1JyX4,1224,0.025,0.090,0.992,0.991,17,1.0000
1j20qq1JyX4,1224,0.025,0.090,0.992,0.991,79,1.0000
1j20qq1JyX4,1228,0.118,0.056,0.956,0.991,12,1.0000
1j20qq1JyX4,1228,0.118,0.056,0.956,0.991,79,1.0000
1j20qq1JyX4,1232,0.075,0.052,0.904,1.000,12,1.0000
1j20qq1JyX4,1232,0.075,0.052,0.904,1.000,79,1.0000
1j20qq1JyX4,1236,0.114,0.099,0.988,0.978,12,1.0000
1j20qq1JyX4,1236,0.114,0.099,0.988,0.978,79,1.0000
1j20qq1JyX4,1240,0.219,0.113,0.953,0.986,12,1.0000
1j20qq1JyX4,1240,0.219,0.113,0.953,0.986,79,1.0000
1j20qq1JyX4,1244,0.349,0.083,0.963,0.982,12,1.0000
1j20qq1JyX4,1244,0.349,0.083,0.963,0.982,79,1.0000
1j20qq1JyX4,1248,0.065,0.127,0.914,0.958,12,1.0000
1j20qq1JyX4,1248,0.065,0.127,0.914,0.958,17,1.0000
1j20qq1JyX4,1248,0.065,0.127,0.914,0.958,79,1.0000
1j20qq1JyX4,1252,0.047,0.058,0.985,1.000,12,1.0000
1j20qq1JyX4,1252,0.047,0.058,0.985,1.000,79,1.0000
1j20qq1JyX4,1256,0.077,0.122,0.997,0.969,12,1.0000
1j20qq1JyX4,1256,0.077,0.122,0.997,0.969,79,1.0000
1j20qq1JyX4,1260,0.302,0.033,1.000,1.000,12,1.0000
1j20qq1JyX4,1260,0.302,0.033,1.000,1.000,79,1.0000
1j20qq1JyX4,1264,0.097,0.062,0.948,0.987,12,1.0000
1j20qq1JyX4,1264,0.097,0.062,0.948,0.987,79,1.0000
1j20qq1JyX4,1268,0.142,0.026,0.950,1.000,12,1.0000
1j20qq1JyX4,1268,0.142,0.026,0.950,1.000,79,1.0000
1j20qq1JyX4,1272,0.088,0.049,0.983,1.000,12,1.0000
1j20qq1JyX4,1272,0.088,0.049,0.983,1.000,79,1.0000
1j20qq1JyX4,1276,0.035,0.137,0.990,0.995,12,1.0000
1j20qq1JyX4,1276,0.035,0.137,0.990,0.995,79,1.0000
1j20qq1JyX4,1280,0.017,0.155,0.994,0.988,12,1.0000
1j20qq1JyX4,1280,0.017,0.155,0.994,0.988,17,1.0000
1j20qq1JyX4,1280,0.017,0.155,0.994,0.988,79,1.0000
1j20qq1JyX4,1284,0.094,0.144,1.000,0.982,12,1.0000
1j20qq1JyX4,1284,0.094,0.144,1.000,0.982,17,1.0000
1j20qq1JyX4,1284,0.094,0.144,1.000,0.982,79,1.0000
1j20qq1JyX4,1288,0.066,0.077,0.983,0.976,12,1.0000
1j20qq1JyX4,1288,0.066,0.077,0.983,0.976,79,1.0000
1j20qq1JyX4,1292,0.048,0.122,1.000,0.990,12,1.0000
1j20qq1JyX4,1292,0.048,0.122,1.000,0.990,17,1.0000
1j20qq1JyX4,1296,0.338,0.165,0.993,0.991,14,1.0000
1j20qq1JyX4,1300,0.068,0.087,0.989,1.000,12,1.0000
1j20qq1JyX4,1300,0.068,0.087,0.989,1.000,17,1.0000
1j20qq1JyX4,1300,0.068,0.087,0.989,1.000,59,1.0000
1j20qq1JyX4,1300,0.068,0.087,0.989,1.000,79,1.0000
1j20qq1JyX4,1304,0.031,0.084,0.930,0.972,12,1.0000
1j20qq1JyX4,1304,0.031,0.084,0.930,0.972,17,1.0000
1j20qq1JyX4,1304,0.031,0.084,0.930,0.972,79,1.0000
1j20qq1JyX4,1308,0.143,0.107,1.000,0.982,12,1.0000
1j20qq1JyX4,1308,0.143,0.107,1.000,0.982,17,1.0000
1j20qq1JyX4,1308,0.143,0.107,1.000,0.982,79,1.0000
1j20qq1JyX4,1312,0.014,0.090,0.933,0.968,12,1.0000
1j20qq1JyX4,1312,0.014,0.090,0.933,0.968,17,1.0000
1j20qq1JyX4,1312,0.014,0.090,0.933,0.968,79,1.0000
1j20qq1JyX4,1316,0.100,0.154,1.000,0.984,12,1.0000
1j20qq1JyX4,1316,0.100,0.154,1.000,0.984,17,1.0000
1j20qq1JyX4,1324,0.040,0.168,0.942,0.991,12,1.0000
1j20qq1JyX4,1324,0.040,0.168,0.942,0.991,79,1.0000
1j20qq1JyX4,1328,0.595,0.143,0.873,0.655,11,1.0000
1j20qq1JyX4,1328,0.595,0.143,0.873,0.655,17,1.0000
1j20qq1JyX4,1328,0.595,0.143,0.873,0.655,80,1.0000
1j20qq1JyX4,1332,0.137,0.396,0.366,0.821,11,1.0000
1j20qq1JyX4,1332,0.137,0.396,0.366,0.821,79,1.0000
1j20qq1JyX4,1332,0.563,0.104,0.868,0.661,11,1.0000
1j20qq1JyX4,1332,0.563,0.104,0.868,0.661,74,1.0000
1j20qq1JyX4,1332,0.563,0.104,0.868,0.661,80,1.0000
1j20qq1JyX4,1336,0.073,0.391,0.324,0.820,11,1.0000
1j20qq1JyX4,1336,0.561,0.111,0.873,0.681,11,1.0000
1j20qq1JyX4,1336,0.561,0.111,0.873,0.681,17,1.0000
1j20qq1JyX4,1336,0.561,0.111,0.873,0.681,80,1.0000
1j20qq1JyX4,1340,0.129,0.426,0.350,0.799,11,1.0000
1j20qq1JyX4,1340,0.129,0.426,0.350,0.799,79,1.0000
1j20qq1JyX4,1340,0.566,0.103,0.870,0.664,11,1.0000
1j20qq1JyX4,1340,0.566,0.103,0.870,0.664,17,1.0000
1j20qq1JyX4,1340,0.566,0.103,0.870,0.664,74,1.0000
1j20qq1JyX4,1340,0.566,0.103,0.870,0.664,80,1.0000
1j20qq1JyX4,1344,0.179,0.017,0.987,0.990,11,1.0000
1j20qq1JyX4,1348,0.167,0.033,0.949,0.990,11,1.0000
1j20qq1JyX4,1348,0.167,0.033,0.949,0.990,79,1.0000
1j20qq1JyX4,1352,0.136,0.033,1.000,0.991,11,1.0000
1j20qq1JyX4,1352,0.136,0.033,1.000,0.991,79,1.0000
1j20qq1JyX4,1356,0.088,0.027,0.863,0.955,11,1.0000
1j20qq1JyX4,1356,0.088,0.027,0.863,0.955,79,1.0000
1j20qq1JyX4,1360,0.018,0.034,0.901,0.958,11,1.0000
1j20qq1JyX4,1360,0.018,0.034,0.901,0.958,79,1.0000
1j20qq1JyX4,1364,0.021,0.069,0.931,0.978,11,1.0000
1j20qq1JyX4,1364,0.021,0.069,0.931,0.978,79,1.0000
1j20qq1JyX4,1368,0.169,0.021,0.959,0.978,11,1.0000
1j20qq1JyX4,1368,0.169,0.021,0.959,0.978,79,1.0000
1j20qq1JyX4,1372,0.085,0.006,0.872,0.984,11,1.0000
1j20qq1JyX4,1372,0.085,0.006,0.872,0.984,74,1.0000
1j20qq1JyX4,1376,0.105,0.037,0.953,0.994,11,1.0000
1j20qq1JyX4,1376,0.105,0.037,0.953,0.994,79,1.0000
1j20qq1JyX4,1380,0.011,0.046,0.919,0.955,11,1.0000
1j20qq1JyX4,1380,0.011,0.046,0.919,0.955,74,1.0000
1j20qq1JyX4,1384,0.048,0.033,0.926,0.994,11,1.0000
1j20qq1JyX4,1384,0.048,0.033,0.926,0.994,79,1.0000
1j20qq1JyX4,1388,0.135,0.052,0.941,0.984,11,1.0000
1j20qq1JyX4,1388,0.135,0.052,0.941,0.984,74,1.0000
1j20qq1JyX4,1392,0.186,0.056,0.996,0.963,11,1.0000
1j20qq1JyX4,1392,0.186,0.056,0.996,0.963,79,1.0000
1j20qq1JyX4,1392,0.186,0.056,0.996,0.963,80,1.0000
1j20qq1JyX4,1396,0.153,0.045,0.976,0.975,11,1.0000
1j20qq1JyX4,1396,0.153,0.045,0.976,0.975,79,1.0000
1j20qq1JyX4,1400,0.016,0.068,0.935,0.976,11,1.0000
1j20qq1JyX4,1400,0.016,0.068,0.935,0.976,74,1.0000
1j20qq1JyX4,1404,0.151,0.109,0.998,0.974,11,1.0000
1j20qq1JyX4,1404,0.151,0.109,0.998,0.974,79,1.0000
1j20qq1JyX4,1408,0.201,0.057,0.890,0.976,11,1.0000
1j20qq1JyX4,1408,0.201,0.057,0.890,0.976,17,1.0000
1j20qq1JyX4,1408,0.201,0.057,0.890,0.976,79,1.0000
1j20qq1JyX4,1408,0.201,0.057,0.890,0.976,80,1.0000
1j20qq1JyX4,1412,0.135,0.422,0.387,0.821,11,1.0000
1j20qq1JyX4,1412,0.135,0.422,0.387,0.821,36,1.0000
1j20qq1JyX4,1412,0.613,0.097,0.873,0.646,11,1.0000
1j20qq1JyX4,1412,0.613,0.097,0.873,0.646,17,1.0000
1j20qq1JyX4,1412,0.613,0.097,0.873,0.646,74,1.0000
1j20qq1JyX4,1412,0.613,0.097,0.873,0.646,80,1.0000
1j20qq1JyX4,1416,0.100,0.377,0.324,0.811,11,1.0000
1j20qq1JyX4,1416,0.100,0.377,0.324,0.811,79,1.0000
1j20qq1JyX4,1416,0.597,0.097,0.869,0.652,11,1.0000
1j20qq1JyX4,1416,0.597,0.097,0.869,0.652,17,1.0000
1j20qq1JyX4,1416,0.597,0.097,0.869,0.652,74,1.0000
1j20qq1JyX4,1416,0.597,0.097,0.869,0.652,80,1.0000
1j20qq1JyX4,1420,0.102,0.360,0.344,0.823,11,1.0000
1j20qq1JyX4,1420,0.102,0.360,0.344,0.823,79,1.0000
1j20qq1JyX4,1420,0.591,0.092,0.869,0.659,11,1.0000
1j20qq1JyX4,1420,0.591,0.092,0.869,0.659,17,1.0000
1j20qq1JyX4,1420,0.591,0.092,0.869,0.659,74,1.0000
1j20qq1JyX4,1420,0.591,0.092,0.869,0.659,80,1.0000
1j20qq1JyX4,1424,0.102,0.393,0.344,0.778,11,1.0000
1j20qq1JyX4,1424,0.102,0.393,0.344,0.778,17,1.0000
1j20qq1JyX4,1424,0.102,0.393,0.344,0.778,79,1.0000
1j20qq1JyX4,1424,0.575,0.091,0.870,0.649,11,1.0000
1j20qq1JyX4,1424,0.575,0.091,0.870,0.649,17,1.0000
1j20qq1JyX4,1424,0.575,0.091,0.870,0.649,74,1.0000
1j20qq1JyX4,1424,0.575,0.091,0.870,0.649,80,1.0000
1j20qq1JyX4,1428,0.096,0.039,0.936,0.977,11,1.0000
1j20qq1JyX4,1428,0.096,0.039,0.936,0.977,79,1.0000
1j20qq1JyX4,1432,0.116,0.042,0.977,0.975,11,1.0000
1j20qq1JyX4,1432,0.116,0.042,0.977,0.975,79,1.0000
1j20qq1JyX4,1436,0.141,0.039,0.944,0.986,12,1.0000
1j20qq1JyX4,1436,0.141,0.039,0.944,0.986,79,1.0000
1j20qq1JyX4,1440,0.103,0.389,0.341,0.810,11,1.0000
1j20qq1JyX4,1440,0.103,0.389,0.341,0.810,79,1.0000
1j20qq1JyX4,1440,0.623,0.051,0.878,0.634,11,1.0000
1j20qq1JyX4,1440,0.623,0.051,0.878,0.634,17,1.0000
1j20qq1JyX4,1440,0.623,0.051,0.878,0.634,74,1.0000
1j20qq1JyX4,1440,0.623,0.051,0.878,0.634,80,1.0000
1j20qq1JyX4,1444,0.090,0.050,1.000,0.987,11,1.0000
1j20qq1JyX4,1444,0.090,0.050,1.000,0.987,79,1.0000
1j20qq1JyX4,1448,0.138,0.045,0.910,0.965,11,1.0000
1j20qq1JyX4,1452,0.031,0.060,1.000,0.985,11,1.0000
1j20qq1JyX4,1452,0.031,0.060,1.000,0.985,79,1.0000
1j20qq1JyX4,1456,0.025,0.068,0.939,0.988,11,1.0000
1j20qq1JyX4,1456,0.025,0.068,0.939,0.988,79,1.0000
1j20qq1JyX4,1460,0.012,0.030,0.982,0.970,11,1.0000
1j20qq1JyX4,1460,0.012,0.030,0.982,0.970,79,1.0000
1j20qq1JyX4,1464,0.076,0.001,0.969,0.982,11,1.0000
1j20qq1JyX4,1464,0.076,0.001,0.969,0.982,79,1.0000
1j20qq1JyX4,1468,0.149,0.162,0.884,0.991,11,1.0000
1j20qq1JyX4,1468,0.149,0.162,0.884,0.991,79,1.0000
1j20qq1JyX4,1472,0.152,0.010,0.892,0.977,11,1.0000
1j20qq1JyX4,1472,0.152,0.010,0.892,0.977,79,1.0000
1j20qq1JyX4,1476,0.155,0.098,0.904,0.972,11,1.0000
1j20qq1JyX4,1476,0.155,0.098,0.904,0.972,12,1.0000
1j20qq1JyX4,1476,0.155,0.098,0.904,0.972,79,1.0000
1j20qq1JyX4,1480,0.179,0.131,0.895,0.984,11,1.0000
1j20qq1JyX4,1480,0.179,0.131,0.895,0.984,79,1.0000
1j20qq1JyX4,1484,0.141,0.379,0.378,0.797,11,1.0000
1j20qq1JyX4,1484,0.141,0.379,0.378,0.797,74,1.0000
1j20qq1JyX4,1484,0.610,0.106,0.887,0.634,11,1.0000
1j20qq1JyX4,1484,0.610,0.106,0.887,0.634,17,1.0000
1j20qq1JyX4,1484,0.610,0.106,0.887,0.634,59,1.0000
1j20qq1JyX4,1484,0.610,0.106,0.887,0.634,74,1.0000
1j20qq1JyX4,1484,0.610,0.106,0.887,0.634,79,1.0000
1j20qq1JyX4,1484,0.610,0.106,0.887,0.634,80,1.0000
1j20qq1JyX4,1488,0.037,0.000,0.918,1.000,11,1.0000
1j20qq1JyX4,1488,0.037,0.000,0.918,1.000,79,1.0000
1j20qq1JyX4,1492,0.125,0.036,0.829,0.980,11,1.0000
1j20qq1JyX4,1492,0.125,0.036,0.829,0.980,79,1.0000
1j20qq1JyX4,1496,0.014,0.094,0.969,0.962,11,1.0000
1j20qq1JyX4,1496,0.014,0.094,0.969,0.962,79,1.0000
1j20qq1JyX4,1500,0.025,0.083,0.936,0.991,11,1.0000
1j20qq1JyX4,1500,0.025,0.083,0.936,0.991,79,1.0000
1j20qq1JyX4,1504,0.153,0.043,0.973,0.978,11,1.0000
1j20qq1JyX4,1504,0.153,0.043,0.973,0.978,79,1.0000
1j20qq1JyX4,1504,0.153,0.043,0.973,0.978,80,1.0000
1j20qq1JyX4,1508,0.113,0.362,0.329,0.783,11,1.0000
1j20qq1JyX4,1508,0.113,0.362,0.329,0.783,74,1.0000
1j20qq1JyX4,1508,0.113,0.362,0.329,0.783,80,1.0000
1j20qq1JyX4,1508,0.329,0.060,0.900,0.683,11,1.0000
1j20qq1JyX4,1508,0.329,0.060,0.900,0.683,17,1.0000
1j20qq1JyX4,1508,0.329,0.060,0.900,0.683,79,1.0000
1j20qq1JyX4,1508,0.329,0.060,0.900,0.683,80,1.0000
1j20qq1JyX4,1512,0.112,0.365,0.549,0.839,11,1.0000
1j20qq1JyX4,1512,0.112,0.365,0.549,0.839,74,1.0000
1j20qq1JyX4,1512,0.112,0.365,0.549,0.839,80,1.0000
1j20qq1JyX4,1512,0.272,0.060,0.912,0.713,11,1.0000
1j20qq1JyX4,1512,0.272,0.060,0.912,0.713,17,1.0000
1j20qq1JyX4,1512,0.272,0.060,0.912,0.713,79,1.0000
1j20qq1JyX4,1512,0.272,0.060,0.912,0.713,80,1.0000
1j20qq1JyX4,1516,0.209,0.132,0.997,1.000,11,1.0000
1j20qq1JyX4,1516,0.209,0.132,0.997,1.000,79,1.0000
1j20qq1JyX4,1520,0.213,0.054,0.985,0.980,11,1.0000
1j20qq1JyX4,1520,0.213,0.054,0.985,0.980,79,1.0000
1j20qq1JyX4,1524,0.062,0.098,0.900,0.964,11,1.0000
1j20qq1JyX4,1524,0.062,0.098,0.900,0.964,79,1.0000
1j20qq1JyX4,1524,0.062,0.098,0.900,0.964,80,1.0000
1j20qq1JyX4,1528,0.161,0.107,0.999,0.978,11,1.0000
1j20qq1JyX4,1528,0.161,0.107,0.999,0.978,79,1.0000
1j20qq1JyX4,1528,0.161,0.107,0.999,0.978,80,1.0000
1j20qq1JyX4,1532,0.177,0.072,0.985,0.992,11,1.0000
1j20qq1JyX4,1532,0.177,0.072,0.985,0.992,79,1.0000
1j20qq1JyX4,1536,0.056,0.051,0.925,0.983,11,1.0000
1j20qq1JyX4,1536,0.056,0.051,0.925,0.983,74,1.0000
1j20qq1JyX4,1536,0.056,0.051,0.925,0.983,80,1.0000
1j20qq1JyX4,1540,0.378,0.340,0.589,0.687,11,1.0000
1j20qq1JyX4,1540,0.601,0.345,0.821,0.728,11,1.0000
1j20qq1JyX4,1552,0.229,0.101,0.547,0.809,11,1.0000
1j20qq1JyX4,1556,0.208,0.142,0.514,0.679,11,1.0000
1j20qq1JyX4,1560,0.193,0.116,0.469,0.997,6,1.0000
1j20qq1JyX4,1564,0.150,0.207,0.930,0.955,12,1.0000
1j20qq1JyX4,1568,0.486,0.046,0.983,0.985,12,1.0000
1j20qq1JyX4,1568,0.486,0.046,0.983,0.985,79,1.0000
1j20qq1JyX4,1572,0.183,0.126,0.833,0.993,12,1.0000
1j20qq1JyX4,1572,0.183,0.126,0.833,0.993,74,1.0000
1j20qq1JyX4,1572,0.183,0.126,0.833,0.993,80,1.0000
1j20qq1JyX4,1576,0.130,0.079,0.963,0.990,12,1.0000
1j20qq1JyX4,1576,0.130,0.079,0.963,0.990,79,1.0000
1j20qq1JyX4,1580,0.052,0.090,0.967,0.981,12,1.0000
1j20qq1JyX4,1580,0.052,0.090,0.967,0.981,79,1.0000
1j20qq1JyX4,1584,0.028,0.120,0.959,0.985,12,1.0000
1j20qq1JyX4,1584,0.028,0.120,0.959,0.985,79,1.0000
1j20qq1JyX4,1588,0.261,0.106,0.832,0.983,12,1.0000
1j20qq1JyX4,1588,0.261,0.106,0.832,0.983,74,1.0000
1j20qq1JyX4,1592,0.106,0.100,0.995,0.986,12,1.0000
1j20qq1JyX4,1592,0.106,0.100,0.995,0.986,79,1.0000
1j20qq1JyX4,1596,0.303,0.022,0.985,0.986,12,1.0000
1j20qq1JyX4,1600,0.256,0.037,0.813,0.946,12,1.0000
1j20qq1JyX4,1600,0.256,0.037,0.813,0.946,79,1.0000
1j20qq1JyX4,1604,0.265,0.061,0.818,0.944,12,1.0000
1j20qq1JyX4,1604,0.265,0.061,0.818,0.944,79,1.0000
1j20qq1JyX4,1608,0.084,0.006,0.998,1.000,12,1.0000
1j20qq1JyX4,1612,0.270,0.056,0.908,1.000,12,1.0000
1j20qq1JyX4,1612,0.270,0.056,0.908,1.000,79,1.0000
1j20qq1JyX4,1616,0.127,0.051,0.971,0.997,12,1.0000
1j20qq1JyX4,1616,0.127,0.051,0.971,0.997,79,1.0000
1j20qq1JyX4,1620,0.186,0.085,0.994,0.989,12,1.0000
1j20qq1JyX4,1620,0.186,0.085,0.994,0.989,79,1.0000
1j20qq1JyX4,1624,0.181,0.044,0.779,0.982,12,1.0000
1j20qq1JyX4,1624,0.181,0.044,0.779,0.982,79,1.0000
1j20qq1JyX4,1628,0.196,0.064,0.751,0.984,12,1.0000
1j20qq1JyX4,1628,0.196,0.064,0.751,0.984,79,1.0000
1j20qq1JyX4,1632,0.185,0.098,0.770,0.975,12,1.0000
1j20qq1JyX4,1632,0.185,0.098,0.770,0.975,17,1.0000
1j20qq1JyX4,1632,0.185,0.098,0.770,0.975,79,1.0000
1j20qq1JyX4,1636,0.201,0.066,0.981,0.966,12,1.0000
1j20qq1JyX4,1640,0.148,0.070,0.764,0.948,12,1.0000
1j20qq1JyX4,1640,0.148,0.070,0.764,0.948,59,1.0000
1j20qq1JyX4,1640,0.148,0.070,0.764,0.948,79,1.0000
1j20qq1JyX4,1644,0.076,0.276,0.435,0.900,12,1.0000
1j20qq1JyX4,1644,0.076,0.276,0.435,0.900,74,1.0000
1j20qq1JyX4,1644,0.731,0.099,1.000,0.992,12,1.0000
1j20qq1JyX4,1644,0.731,0.099,1.000,0.992,79,1.0000
1j20qq1JyX4,1644,0.731,0.099,1.000,0.992,80,1.0000
1j20qq1JyX4,1648,0.124,0.297,0.456,0.997,12,1.0000
1j20qq1JyX4,1648,0.124,0.297,0.456,0.997,74,1.0000
1j20qq1JyX4,1648,0.425,0.115,0.958,0.966,12,1.0000
1j20qq1JyX4,1648,0.425,0.115,0.958,0.966,79,1.0000
1j20qq1JyX4,1648,0.425,0.115,0.958,0.966,80,1.0000
1j20qq1JyX4,1652,0.203,0.224,0.528,0.997,12,1.0000
1j20qq1JyX4,1652,0.203,0.224,0.528,0.997,17,1.0000
1j20qq1JyX4,1652,0.203,0.224,0.528,0.997,79,1.0000
1j20qq1JyX4,1656,0.193,0.078,0.768,0.971,12,1.0000
1j20qq1JyX4,1656,0.193,0.078,0.768,0.971,79,1.0000
1j20qq1JyX4,1660,0.149,0.080,0.758,0.936,12,1.0000
1j20qq1JyX4,1660,0.149,0.080,0.758,0.936,79,1.0000
1j20qq1JyX4,1664,0.129,0.102,0.818,0.945,12,1.0000
1j20qq1JyX4,1664,0.129,0.102,0.818,0.945,79,1.0000
1j20qq1JyX4,1668,0.050,0.064,0.919,0.992,12,1.0000
1j20qq1JyX4,1668,0.050,0.064,0.919,0.992,79,1.0000
1j20qq1JyX4,1672,0.158,0.094,0.971,0.950,12,1.0000
1j20qq1JyX4,1672,0.158,0.094,0.971,0.950,79,1.0000
1j20qq1JyX4,1676,0.031,0.054,0.994,0.997,1,1.0000
1j20qq1JyX4,1676,0.031,0.054,0.994,0.997,79,1.0000
1j20qq1JyX4,1680,0.028,0.030,0.993,0.995,12,1.0000
1j20qq1JyX4,1680,0.028,0.030,0.993,0.995,79,1.0000
1j20qq1JyX4,1684,0.054,0.047,0.989,0.990,12,1.0000
1j20qq1JyX4,1684,0.054,0.047,0.989,0.990,79,1.0000
1j20qq1JyX4,1688,0.069,0.054,0.994,0.990,12,1.0000
1j20qq1JyX4,1688,0.069,0.054,0.994,0.990,79,1.0000
1j20qq1JyX4,1692,0.067,0.071,0.989,0.991,12,1.0000
1j20qq1JyX4,1692,0.067,0.071,0.989,0.991,79,1.0000
1j20qq1JyX4,1696,0.025,0.080,0.990,0.990,12,1.0000
1j20qq1JyX4,1696,0.025,0.080,0.990,0.990,79,1.0000
1j20qq1JyX4,1700,0.007,0.002,0.992,0.990,12,1.0000
1j20qq1JyX4,1700,0.007,0.002,0.992,0.990,79,1.0000
1j20qq1JyX4,1704,0.029,0.014,0.994,0.991,12,1.0000
1j20qq1JyX4,1704,0.029,0.014,0.994,0.991,79,1.0000
1j20qq1JyX4,1708,0.029,0.043,0.990,0.990,12,1.0000
1j20qq1JyX4,1708,0.029,0.043,0.990,0.990,79,1.0000
1j20qq1JyX4,1712,0.040,0.005,0.997,0.990,12,1.0000
1j20qq1JyX4,1712,0.040,0.005,0.997,0.990,79,1.0000
1j20qq1JyX4,1716,0.039,0.021,0.993,0.993,1,1.0000
1j20qq1JyX4,1716,0.039,0.021,0.993,0.993,79,1.0000
1j20qq1JyX4,1720,0.067,0.035,0.992,0.988,11,1.0000
1j20qq1JyX4,1720,0.067,0.035,0.992,0.988,79,1.0000
1j20qq1JyX4,1724,0.071,0.092,0.992,0.991,12,1.0000
1j20qq1JyX4,1724,0.071,0.092,0.992,0.991,79,1.0000
1j20qq1JyX4,1728,0.040,0.165,0.988,0.995,1,1.0000
1j20qq1JyX4,1732,0.018,0.078,0.993,0.993,12,1.0000
1j20qq1JyX4,1732,0.018,0.078,0.993,0.993,79,1.0000
1j20qq1JyX4,1736,0.011,0.007,0.990,0.995,12,1.0000
1j20qq1JyX4,1736,0.011,0.007,0.990,0.995,79,1.0000
1j20qq1JyX4,1744,0.086,0.101,0.990,0.991,1,1.0000
1j20qq1JyX4,1752,0.092,0.082,0.985,0.986,1,1.0000
1j20qq1JyX4,1756,0.546,0.118,0.942,0.906,11,1.0000
1j20qq1JyX4,1756,0.546,0.118,0.942,0.906,74,1.0000
1j20qq1JyX4,1756,0.546,0.118,0.942,0.906,80,1.0000
1j20qq1JyX4,1760,0.142,0.116,0.469,0.928,11,1.0000
1j20qq1JyX4,1760,0.142,0.116,0.469,0.928,17,1.0000
1j20qq1JyX4,1760,0.142,0.116,0.469,0.928,80,1.0000
1j20qq1JyX4,1760,0.558,0.096,0.961,0.912,11,1.0000
1j20qq1JyX4,1760,0.558,0.096,0.961,0.912,79,1.0000
1j20qq1JyX4,1760,0.558,0.096,0.961,0.912,80,1.0000
1j20qq1JyX4,1764,0.198,0.038,0.953,0.979,12,1.0000
1j20qq1JyX4,1768,0.034,0.079,0.877,0.970,11,1.0000
1j20qq1JyX4,1768,0.034,0.079,0.877,0.970,12,1.0000
1j20qq1JyX4,1768,0.034,0.079,0.877,0.970,79,1.0000
1j20qq1JyX4,1772,0.007,0.105,0.914,0.983,12,1.0000
1j20qq1JyX4,1772,0.007,0.105,0.914,0.983,79,1.0000
1j20qq1JyX4,1772,0.007,0.105,0.914,0.983,80,1.0000
1j20qq1JyX4,1776,0.000,0.100,0.859,0.964,12,1.0000
1j20qq1JyX4,1776,0.000,0.100,0.859,0.964,79,1.0000
1j20qq1JyX4,1780,0.074,0.038,0.997,0.976,11,1.0000
1j20qq1JyX4,1780,0.074,0.038,0.997,0.976,74,1.0000
1j20qq1JyX4,1784,0.035,0.081,0.908,0.979,11,1.0000
1j20qq1JyX4,1784,0.035,0.081,0.908,0.979,79,1.0000
1j20qq1JyX4,1784,0.035,0.081,0.908,0.979,80,1.0000
1j20qq1JyX4,1788,0.035,0.091,0.888,0.973,12,1.0000
1j20qq1JyX4,1788,0.035,0.091,0.888,0.973,79,1.0000
1j20qq1JyX4,1792,0.031,0.036,0.978,0.977,11,1.0000
1j20qq1JyX4,1796,0.094,0.011,0.967,0.982,11,1.0000
1j20qq1JyX4,1796,0.094,0.011,0.967,0.982,79,1.0000
